<?xml version="1.0" encoding="UTF-8"?>
<!--
 * Copyright 2001-2009 The Apache Software Foundation.
 *
 * Licensed under the Apache License, Version 2.0 (the "License");
 * you may not use this file except in compliance with the License.
 * You may obtain a copy of the License at
 * 
 *      http://www.apache.org/licenses/LICENSE-2.0
 * 
 * Unless required by applicable law or agreed to in writing, software
 * distributed under the License is distributed on an "AS IS" BASIS,
 * WITHOUT WARRANTIES OR CONDITIONS OF ANY KIND, either express or implied.
 * See the License for the specific language governing permissions and
 * limitations under the License.
 *
 */ -->
<businessEntity xmlns="urn:uddi-org:api_v2" xmlns:xml="http://www.w3.org/XML/1998/namespace" businessKey="d04d1a31-bce1-46dc-8da9-8c7c16c46932">
  <discoveryURLs>
    <discoveryURL useType="home">http://www.businessthree.com</discoveryURL>
    <discoveryURL useType="serviceList">http://www.businessthree.com/services</discoveryURL>
  </discoveryURLs>
  <name xml:lang="en">A-1 Solutions</name>
  <name xml:lang="es">Negocio Tres</name>
  <description xml:lang="en">This is the description for Business Three.</description>
  <contacts>
    <contact useType="administrator">
      <personName xml:lang="en">Luke Skywalker</personName>
      <description xml:lang="en">This is the administrator of the service offerings.</description>
      <phtwo useType="office">123-456-7890</phtwo>
      <phtwo useType="mobile">987-654-3210</phtwo>
      <email useType="work">lskywalker@businessthree.com</email>
      <address xml:lang="en" useType="headquarters" sortCode="1" tModelKey="uddi:tmodelKey:address">
        <addressLine keyName="street" keyValue="street">2 Briar</addressLine>
        <addressLine keyName="citystatezip" keyValue="citystatezip">Chicago, IL 60657</addressLine>
        <addressLine keyName="country" keyValue="country">USA</addressLine>
      </address>
    </contact>
  </contacts>
</businessEntity>