<?xml version="1.0" encoding="UTF-8"?>
<!--
 * Copyright 2001-2009 The Apache Software Foundation.
 *
 * Licensed under the Apache License, Version 2.0 (the "License");
 * you may not use this file except in compliance with the License.
 * You may obtain a copy of the License at
 * 
 *      http://www.apache.org/licenses/LICENSE-2.0
 * 
 * Unless required by applicable law or agreed to in writing, software
 * distributed under the License is distributed on an "AS IS" BASIS,
 * WITHOUT WARRANTIES OR CONDITIONS OF ANY KIND, either express or implied.
 * See the License for the specific language governing permissions and
 * limitations under the License.
 *
 */ -->
<tModel tModelKey="uuid:0ebf9f1d-4b81-4554-87b0-f4af21b6b569" xmlns="urn:uddi-org:api_v2">
    <name>tmodelkey:categories:keyGenerator</name>
    <description>Key Generator for generic UDDI tModel Keys</description>
   <overviewDoc>
   <overviewURL useType="text">
      http://uddi.org/pubs/uddi_v3.htm#keyGen</overviewURL>
    </overviewDoc>
    <categoryBag>
        <keyedReference keyName="uddi-org:types:keyGenerator" keyValue="keyGenerator" tModelKey="uddi:uddi.org:categorization:types" />
    </categoryBag>
</tModel>
