<?xml version="1.0" encoding="UTF-8"?>
<!--
 * Copyright 2001-2009 The Apache Software Foundation.
 *
 * Licensed under the Apache License, Version 2.0 (the "License");
 * you may not use this file except in compliance with the License.
 * You may obtain a copy of the License at
 * 
 *      http://www.apache.org/licenses/LICENSE-2.0
 * 
 * Unless required by applicable law or agreed to in writing, software
 * distributed under the License is distributed on an "AS IS" BASIS,
 * WITHOUT WARRANTIES OR CONDITIONS OF ANY KIND, either express or implied.
 * See the License for the specific language governing permissions and
 * limitations under the License.
 *
 */ -->
<tModel tModelKey="uddi:www.samco.com:keygenerator" xmlns="urn:uddi-org:api_v3">
  <name>Sam Syndicator's Key Generator</name>
  <description>This is the key generator for Sam Syndicator's UDDI entities!</description>
  <overviewDoc>
    <overviewURL useType="text">
      http://uddi.org/pubs/uddi_v3.htm#keyGen</overviewURL>
  </overviewDoc>
  <categoryBag>
    <keyedReference tModelKey="uddi:uddi.org:categorization:types" keyName="uddi-org:types:keyGenerator"
      keyValue="keyGenerator" />
  </categoryBag>
</tModel>
