<?xml version="1.0" encoding="UTF-8"?>
<!--
 * Copyright 2001-2009 The Apache Software Foundation.
 *
 * Licensed under the Apache License, Version 2.0 (the "License");
 * you may not use this file except in compliance with the License.
 * You may obtain a copy of the License at
 * 
 *      http://www.apache.org/licenses/LICENSE-2.0
 * 
 * Unless required by applicable law or agreed to in writing, software
 * distributed under the License is distributed on an "AS IS" BASIS,
 * WITHOUT WARRANTIES OR CONDITIONS OF ANY KIND, either express or implied.
 * See the License for the specific language governing permissions and
 * limitations under the License.
 *
 */ -->
<businessService xmlns="urn:uddi-org:api_v2" xmlns:xml="http://www.w3.org/XML/1998/namespace" businessKey="49417f41-d2b5-4749-b459-55bd785a00d2" serviceKey="bc9f7399-bb91-4693-8dc4-67ca38a4734f">
  <name xml:lang="en">Listing Service</name>
  <name xml:lang="es">Servicio del listado</name>
  <description xml:lang="en">This is the description of the listing service.</description>
  <description xml:lang="es">Ésta es la descripción del servicio del listado.</description>
  <bindingTemplates>
    <bindingTemplate bindingKey="229d8f4a-f7e8-45eb-b1cf-cd4ad30d411d">
      <description xml:lang="en">This is the access point for listing service.</description>
      <accessPoint URLType="http">http:/samco.com/services/listingservice</accessPoint>
      <tModelInstanceDetails>
        <tModelInstanceInfo tModelKey="uddi:uddi.org:transport:telephone">
          <description xml:lang="en">The wsdl for this service: Listing Service</description>
          <instanceDetails>
            <overviewDoc>
              <description xml:lang="en">Help document to describe the WSDL</description>
              <overviewURL useType="text">http://www.w3.org/TR/wsdl</overviewURL>
            </overviewDoc>
            <instanceParms>instanceParms</instanceParms>
          </instanceDetails>
        </tModelInstanceInfo>
      </tModelInstanceDetails>
	  <categoryBag>
	    <keyedReference tModelKey="uddi:uddi.org:transport:telephone" keyName="category" keyValue="accesspoint" />
	  </categoryBag>
    </bindingTemplate>
  </bindingTemplates>
  <categoryBag>
    <keyedReference tModelKey="uddi:uddi.org:transport:telephone" keyName="category" keyValue="lager" />
    <keyedReference tModelKey="uddi:uddi.org:transport:telephone" keyName="category" keyValue="pilsner" />
    <keyedReferenceGroup tModelKey="uddi:uddi.org:transport:telephone">
      <keyedReference tModelKey="uddi:uddi.org:transport:telephone" keyName="blank" keyValue="blank" />
    </keyedReferenceGroup>
  </categoryBag>
</businessService>
