<?xml version="1.0" encoding="UTF-8"?>
<!--
 * Copyright 2001-2009 The Apache Software Foundation.
 *
 * Licensed under the Apache License, Version 2.0 (the "License");
 * you may not use this file except in compliance with the License.
 * You may obtain a copy of the License at
 * 
 *      http://www.apache.org/licenses/LICENSE-2.0
 * 
 * Unless required by applicable law or agreed to in writing, software
 * distributed under the License is distributed on an "AS IS" BASIS,
 * WITHOUT WARRANTIES OR CONDITIONS OF ANY KIND, either express or implied.
 * See the License for the specific language governing permissions and
 * limitations under the License.
 *
 */ -->
<tModel tModelKey="uddi:riftsaw.jboss.org:CustomerInterface_portType"
	xmlns="urn:uddi-org:api_v3">
	<name>InterfaceOfCustomer</name> 
	<overviewDoc>
		<overviewURL>http://location/customer.wsdl</overviewURL>
	</overviewDoc>
	<categoryBag>
		<keyedReference tModelKey="uddi:uddi.org:xml:namespace"
			keyName="uddi-org:xml:namespace" keyValue="http://example.com/travelagent/wsdl" />
		<keyedReference tModelKey="uddi:uddi.org:wsdl:types"
			keyName="uddi-org:wsdl:types" keyValue="portType" />
	</categoryBag>
</tModel>

